project,target,configuration,hash,code,status,start,end
@akashic/akashic-cli-commons,build,,1746634176229050810,0,success,1722329977149,1722329979154
@akashic/akashic-cli-extra,build,,17890557583991911302,0,success,1722329979156,1722329982271
@akashic/akashic-cli-scan,build,,9267132169305362561,0,success,1722329979156,1722329984541
@akashic/akashic-cli-sandbox,build,,15495148112507058652,0,success,1722329977149,1722329987653
@akashic/akashic-cli-lib-manage,build,,1498239621601350482,0,success,1722329982275,1722329987991
@akashic/akashic-cli-init,build,,2103744409053620937,0,success,1722329987653,1722329992700
@akashic/akashic-cli-export,build,,1905393464880003562,0,success,1722329984542,1722330002098
@akashic/akashic-cli-serve,build,,9467080757846149988,0,success,1722329987991,1722330007506
@akashic/akashic-cli,build,,18158737362853901,0,success,1722330007508,1722330008825
@akashic/akashic-cli-commons,build,,1746634176229050810,0,success,1722330010362,1722330012854
@akashic/akashic-cli-extra,build,,17890557583991911302,0,success,1722330012862,1722330016556
@akashic/akashic-cli-sandbox,build,,15495148112507058652,0,success,1722330010362,1722330020812
@akashic/akashic-cli-scan,build,,9267132169305362561,0,success,1722330016559,1722330021601
@akashic/akashic-cli-lib-manage,build,,1498239621601350482,0,success,1722330020812,1722330025709
@akashic/akashic-cli-init,build,,2103744409053620937,0,success,1722330025709,1722330029966
@akashic/akashic-cli-commons,test,,3270245452477947870,0,success,1722330010362,1722330032867
@akashic/akashic-cli-export,build,,1905393464880003562,0,success,1722330021604,1722330040898
@akashic/akashic-cli-extra,test,,16136984112712309912,0,success,1722330032867,1722330048706
@akashic/akashic-cli-scan,test,,6805009318788443811,0,success,1722330040898,1722330062053
@akashic/akashic-cli-sandbox,test,,10964516620614214392,0,success,1722330048706,1722330063077
@akashic/akashic-cli-serve,build,,9467080757846149988,0,success,1722330029966,1722330065018
@akashic/akashic-cli-lib-manage,test,,9256850219682303315,0,success,1722330062053,1722330085225
@akashic/akashic-cli-init,test,,16867886478770382662,0,success,1722330065019,1722330086371
@akashic/akashic-cli,test,,8675361727353987875,0,success,1722330086371,1722330090094
@akashic/akashic-cli-export,test,,2277354071526523382,0,success,1722330063077,1722330108838
@akashic/akashic-cli-serve,test,,12577410152720498043,0,success,1722330085225,1722330112139
